alarm_id,alarm_name,alarm_text,alarm_code,ce_on,ce_off
00033,,PN/ECT device_01_drop station,2,,
00034,,PN/ECT device_02_drop station,2,,
00035,,PN/ECT device_03_drop station,2,,
00036,,PN/ECT equipment_04_drop station,2,,
00037,,PN/ECT equipment_05_drop station,2,,
00038,,PN/ECT equipment_06_drop station,2,,
00039,,PN/ECT equipment_07_drop station,2,,
00040,,PN/ECT equipment_08_drop station,2,,
00041,,PN/ECT equipment_09_drop station,2,,
00042,,PN/ECT device_10_drop station,2,,
00043,,PN/ECT equipment_11_drop station,2,,
00044,,PN/ECT device_12_drop station,2,,
00045,,PN/ECT device_13_drop station,2,,
00046,,PN/ECT equipment_14_drop station,2,,
00047,,PN/ECT device_15_drop station,2,,
00048,,PN/ECT device_16_drop station,2,,
00049,,PN/ECT equipment_17_drop station,2,,
00050,,PN/ECT equipment_18_drop station,2,,
00051,,PN/ECT device_19_drop station,2,,
00052,,PN/ECT device_20_drop station,2,,
00053,,PN/ECT equipment_21_drop station,2,,
00054,,PN/ECT device_22_drop station,2,,
00055,,PN/ECT device_23_drop station,2,,
00056,,PN/ECT equipment_24_drop station,2,,
00057,,PN/ECT device_25_drop station,2,,
00058,,PN/ECT device_26_drop station,2,,
00059,,PN/ECT device_27_drop station,2,,
00060,,PN/ECT equipment_28_drop station,2,,
00061,,PN/ECT device_29_drop station,2,,
00062,,PN/ECT device_30_drop station,2,,
00063,,PN/ECT device_31_drop station,2,,
00064,,PN/ECT device_32_drop station,2,,
00065,,PN/ECT device_33_drop station,2,,
00066,,PN/ECT device_34_drop station,2,,
00067,,PN/ECT device_35_drop station,2,,
00068,,PN/ECT device_36_drop station,2,,
00069,,PN/ECT device_37_drop station,2,,
00070,,PN/ECT equipment_38_drop station,2,,
00071,,PN/ECT device_39_drop station,2,,
00072,,PN/ECT device_40_drop station,2,,
00073,,PN/ECT device_41_drop station,2,,
00074,,PN/ECT device_42_drop station,2,,
00075,,PN/ECT device_43_drop station,2,,
00076,,PN/ECT device_44_drop station,2,,
00077,,PN/ECT equipment_45_drop station,2,,
00078,,PN/ECT equipment_46_drop station,2,,
00079,,PN/ECT device_47_drop station,2,,
00080,,PN/ECT equipment_48_drop station,2,,
00081,,PN/ECT device_49_drop station,2,,
00082,,PN/ECT device_50_drop station,2,,
00083,,PN/ECT device_51_drop station,2,,
00084,,PN/ECT device_52_drop station,2,,
00085,,PN/ECT device_53_drop station,2,,
00086,,PN/ECT device_54_drop station,2,,
00087,,PN/ECT device_55_drop station,2,,
00088,,PN/ECT device_56_drop station,2,,
00089,,PN/ECT device_57_drop station,2,,
00090,,PN/ECT equipment_58_drop station,2,,
00091,,PN/ECT device_59_drop station,2,,
00092,,PN/ECT device_60_drop station,2,,
00093,,PN/ECT equipment_61_drop station,2,,
00094,,PN/ECT device_62_drop station,2,,
00095,,PN/ECT equipment_63_drop station,2,,
00096,,PN/ECT device_64_drop station,2,,
00102,,"Low air pressure fault, please check!",2,,
00103,,"The process is abnormal, please confirm!",2,,
00104,,"The recipe data has not been written, please check!",2,,
00105,,"Abnormal main power phase sequence detection alarm, please check!",2,,
00106,,"The grating is abnormal, please check!",2,,
00107,,"Emergency stop circuit fault, please check!",2,,
00108,,"Safety door circuit fault, please check!",2,,
00109,,"Control ON, no feedback signal from Anji power-on is received",2,,
00110,,"Control ON, Anji feedback signal lost",2,,
00111,,"Control ON, Anji enable lost",2,,
00112,,The recipe switching conditions are not met. Please make sure that no product is being produced in the equipment!,2,,
00113,,"RecipeID is not in the list, please check whether the RecipeID configuration in MES is correct!",2,,
00114,,"The equipment tooling does not match the recipe parameters, please check whether the tooling has been replaced!",2,,
00115,,"Currently in offline or MES shielding mode, the recipe cannot be switched remotely. Please switch to online mode!",2,,
00116,,The device RecipeID is inconsistent with the RecipeID in the host computer!,2,,
00117,,"Printing mainstream line station tray_material account inconsistent alarm, please confirm!",2,,
00118,,"Unloading station tray_Material account inconsistent alarm, please confirm!",2,,
00119,,"Gantry Gripper_Material Account Inconsistency Alarm, please confirm!",2,,
00120,,"Silver sintering transplanting station_material account inconsistency alarm, please confirm!",2,,
00121,,"Limit frame cache station_material account inconsistency alarm, please confirm!",2,,
00122,,"Limit frame buffer position_Material account inconsistent alarm, please confirm!",2,,
00123,,"Silver sintering main line processing position_material account inconsistency alarm, please confirm!",2,,
00124,,"Printing tray reflow lifting_material account inconsistent alarm, please confirm!",2,,
00125,,"Silver sintering reflow buffer 1_Material account inconsistency alarm, please confirm!",2,,
00126,,"_Material account inconsistency alarm, please confirm!",2,,
00127,,"_Material account inconsistency alarm, please confirm!",2,,
00128,,"_Material account inconsistency alarm, please confirm!",2,,
00129,,"_Material account inconsistency alarm, please confirm!",2,,
00130,,"_Material account inconsistency alarm, please confirm!",2,,
00131,,"_Material account inconsistency alarm, please confirm!",2,,
00132,,"_Material account inconsistency alarm, please confirm!",2,,
00133,,"Pallet loading station interlock_response timeout, please confirm!",2,,
00134,,"Silver sintering gantry Z2 axis height measurement_response timeout, please confirm!",2,,
00135,,"The pallet unloading station partDone_response timed out, please confirm!",2,,
00136,,"Silver sintering transplanting tray partDone1_Response timeout, please confirm!",2,,
00137,,"Printing gantry lower camera 1_response timeout, please confirm!",2,,
00138,,"The camera on the printing gantry_response timed out, please confirm!",2,,
00139,,"Silver sintered gantry lower camera_response timeout, please confirm!",2,,
00140,,"The camera on the printing gantry confirms the product_response timeout, please confirm!",2,,
00141,,"Printing gantry lower camera 2_response timeout, please confirm!",2,,
00142,,"Camera 2 on printing gantry_response timeout, please confirm!",2,,
00143,,"Silver sintered gantry lower camera 2_Response timeout, please confirm!",2,,
00144,,"The camera on the printing gantry confirms product 2_response timeout, please confirm!",2,,
00145,,"Silver sintering gantry silver film height measurement_response timeout, please confirm!",2,,
00146,,"Printing gantry X-axis barcode scanner_response timeout, please confirm!",2,,
00147,,"Mainstream online material station barcode scanner gun_response timeout, please confirm!",2,,
00148,,"Manual line barcode scanner_Response timeout, please confirm!",2,,
00149,,"The interlock_feedback signal status of the pallet loading station is abnormal, please confirm!",2,,
00150,,"The feedback signal status of the pallet unloading station partDone1_ is abnormal, please confirm!",2,,
00151,,"Silver sintering transplanting tray partDone1_The feedback signal status is abnormal, please confirm!",2,,
00152,,"The feedback signal status of camera 1 under the printing gantry is abnormal, please confirm!",2,,
00153,,"The camera on the printing gantry_feedback signal status is abnormal, please confirm!",2,,
00154,,"Silver sintered gantry lower camera_feedback signal status is abnormal, please confirm!",2,,
00155,,"The camera on the printing gantry confirms the product_the feedback signal status is abnormal, please confirm!",2,,
00156,,"The feedback signal status of the camera 2 under the printing gantry is abnormal, please confirm!",2,,
00157,,"Printing gantry upper phase 2_feedback signal status is abnormal, please confirm!",2,,
00158,,"Silver sintering gantry lower phase 2_Feedback signal status is abnormal, please confirm!",2,,
00159,,"The camera on the printing gantry confirms that the feedback signal status is abnormal, please confirm!",2,,
00160,,"Silver sintering gantry Z2 axis measurement height_feedback signal status is abnormal, please confirm!",2,,
00161,,"Silver sintering gantry silver film height measurement_feedback signal status is abnormal, please confirm!",2,,
00162,,"The manual station reports to MES query_the feedback signal status is abnormal, please confirm!",2,,
00163,,"The manual station reports to MES query_the feedback signal status is abnormal, please confirm!",2,,
00164,,"_The feedback signal status is abnormal, please confirm!",2,,
00165,,"The manual station reports MES query_response timeout, please confirm!",2,,
00166,,"Product upload MES_response timeout, please confirm!",2,,
00167,,"_Response timeout, please confirm!",2,,
00168,,"_Response timeout, please confirm!",2,,
00169,,"_Response timeout, please confirm!",2,,
00170,,"_Response timeout, please confirm!",2,,
00171,,"_Response timeout, please confirm!",2,,
00172,,"_Response timeout, please confirm!",2,,
00173,,"Product upload MES_feedback signal status is abnormal, please confirm!",2,,
00174,,"_The feedback signal status is abnormal, please confirm!",2,,
00175,,"_The feedback signal status is abnormal, please confirm!",2,,
00176,,"_The feedback signal status is abnormal, please confirm!",2,,
00177,,"_The feedback signal status is abnormal, please confirm!",2,,
00178,,"_The feedback signal status is abnormal, please confirm!",2,,
00179,,"_The feedback signal status is abnormal, please confirm!",2,,
00180,,"_The feedback signal status is abnormal, please confirm!",2,,
00181,,The following is customized,2,,
00182,,Main line of printing main line discharges material to hoist material jam alarm output,2,,
00183,,Printing Main Line,2,,
00184,,Printing tray overhead crane hoist feeding port abnormal alarm,2,,
00185,,Printing pallet overhead crane hoist outlet abnormal alarm,2,,
00186,,"The limit frame cache station limit frame cache material status is wrong, and the material is taken away abnormally",2,,
00187,,"The limit frame buffer station is abnormal, and the sensor does not detect the material.",2,,
00188,,Silver sintering outbound pallet information is unclear,2,,
00189,,Printing gantry Z axis AMB pressure exceeds upper limit alarm,2,,
00190,,The Z axis of the printing gantry places the AMB product pressure exceeding the upper limit,2,,
00191,,Silver sintering gantry Z axis ring limit frame pressure exceeds upper limit alarm,2,,
00192,,Silver sintering gantry Z axis ring pressure exceeds the upper limit,2,,
00193,,Silver sintering gantry Z axis silver film taking pressure exceeds the upper limit,2,,
00194,,Silver sintering gantry Z axis limit frame pressure exceeds upper limit alarm,2,,
00195,,Silver sintering gantry Z axis release ring pressure pressure exceeds the upper limit,2,,
00196,,Silver sintering gantry Z axis silver film pressure exceeds the upper limit,2,,
00197,,Silver sintering gantry product height test NG,2,,
00198,,Failed to take photos on the camera,2,,
00199,,The camera compensation photo result failed,2,,
00200,,The camera compensation photo result failed,2,,
00201,,"There is material detected in the pallet stacking position, please take it away!",2,,
00202,,Silver sintering gantry silver film height test NG,2,,
00203,,Manual loading tooling code does not match,2,,
00204,,"The manual station reports to MES query_the feedback signal status is abnormal, please confirm!",2,,
00205,,"The manual station reports MES query_response timeout, please confirm!",2,,
00206,,All the Demo workstation templates have been used up and need to be relocated,2,,
00207,,The manual station reports to MES to check the abnormal status of the pallet,2,,
00208,,Pallet recovery Pallet recovery timeout alarm output,2,,
00228,,"#error-general ,64-191, 8 words",2,,
00301,,M201_Printing tray loading buffer streamline work position blocking cylinder extension fault,2,,
00302,,M201_Printing tray loading buffer streamline work position blocking cylinder retraction failure,2,,
00303,,M201_Printing tray loading buffer streamline work position blocking cylinder extension is prohibited,2,,
00304,,M201_Printing tray loading buffer streamline work position blocking cylinder retraction is prohibited,2,,
00305,,M201_Printing tray loading buffer streamline work position blocking cylinder extension status is inconsistent,2,,
00306,,M201_Printing tray loading buffer streamline work position blocking cylinder retraction status is inconsistent,2,,
00309,,M202_Printing tray loading buffer streamline work position lifting cylinder extension failure,2,,
00310,,M202_Printing tray loading buffer streamline work position lifting cylinder retraction failure,2,,
00311,,M202_Printing tray loading buffer streamline work position lifting cylinder extension is prohibited,2,,
00312,,M202_Printing tray loading buffer streamline work position lifting cylinder return is prohibited,2,,
00313,,M202_Printing tray loading buffer streamline work position lifting cylinder extension status is inconsistent,2,,
00314,,M202_The retraction status of the lifting cylinder of the printing tray loading buffer streamline work position is inconsistent,2,,
00317,,M203_Printing tray loading line work position blocking cylinder extension fault,2,,
00318,,M203_Printing tray loading line work position blocking cylinder retraction failure,2,,
00319,,M203_Printing tray loading line work position blocking cylinder extension is prohibited,2,,
00320,,M203_Printing tray loading line work position blocking cylinder retraction is prohibited,2,,
00321,,M203_Printing tray loading flow line work position blocking cylinder extension status is inconsistent,2,,
00322,,M203_The retraction status of the blocking cylinder of the printing tray loading line working position is inconsistent,2,,
00325,,M204_Printing tray loading flow line work position lifting cylinder extension failure,2,,
00326,,M204_Printing tray loading line work position lifting cylinder retraction failure,2,,
00327,,M204_Extension of the lifting cylinder of the printing tray loading line work position is prohibited,2,,
00328,,M204_Printing tray loading line work position lifting cylinder return is prohibited,2,,
00329,,M204_The extension status of the lifting cylinder of the printing tray loading line working position is inconsistent,2,,
00330,,M204_The retraction status of the lifting cylinder of the printing tray loading line working position is inconsistent,2,,
00333,,M205_Printing tray return line lifting machine module lifting cylinder extension failure,2,,
00334,,M205_Printing tray return line elevator module lifting cylinder retraction failure,2,,
00335,,M205_Printing tray return line lifting machine module lifting cylinder extension is prohibited,2,,
00336,,M205_Printing tray return line elevator module lifting cylinder retraction is prohibited,2,,
00337,,M205_Printing tray return line elevator module lifting cylinder extension status is inconsistent,2,,
00338,,M205_Printing tray return line elevator module lifting cylinder retraction status inconsistent,2,,
00341,,M206_Printing tray lower layer return line handling lateral cylinder extension failure,2,,
00342,,M206_Printing tray lower return line handling traverse cylinder retraction failure,2,,
00343,,M206_Printing tray lower return line handling traverse cylinder extension is prohibited,2,,
00344,,M206_Printing tray lower layer return line handling traverse cylinder return is prohibited,2,,
00345,,M206_The extension status of the lateral cylinder of the lower return line of the printing tray is inconsistent,2,,
00346,,M206_The retraction status of the traverse cylinder for the lower return line of the printing tray is inconsistent,2,,
00349,,M207_Printing tray lower layer return line handling blocking cylinder extension fault,2,,
00350,,M207_Printing tray lower layer return line handling blocking cylinder retraction failure,2,,
00351,,M207_Printing tray lower return line handling blocking cylinder extension is prohibited,2,,
00352,,M207_Printing tray lower return line handling blocking cylinder retraction is prohibited,2,,
00353,,M207_Printing tray lower return line handling blocking cylinder extension status is inconsistent,2,,
00354,,M207_The retraction status of the cylinder of the lower return line of the printing tray is inconsistent,2,,
00357,,M208_Printing tray overhead crane hoist module lifting cylinder extension failure,2,,
00358,,M208_Printing tray overhead crane hoist module lifting cylinder retraction failure,2,,
00359,,M208_Printing tray overhead crane hoist module lifting cylinder extension is prohibited,2,,
00360,,M208_Printing tray overhead crane hoist module lifting cylinder return is prohibited,2,,
00361,,M208_Printing tray overhead crane hoist module lifting cylinder extension status is inconsistent,2,,
00362,,M208_Printing tray overhead crane hoist module lifting cylinder retraction status is inconsistent,2,,
00365,,M209_Printing tray overhead crane hoist module blocks cylinder extension failure,2,,
00366,,M209_Printing tray overhead crane hoist module blocking cylinder retraction failure,2,,
00367,,M209_Printing tray overhead crane hoist module blocks cylinder extension and is prohibited,2,,
00368,,M209_Printing tray overhead crane hoist module blocking cylinder retraction is prohibited,2,,
00369,,M209_Printing tray overhead crane hoist module blocking cylinder extension status is inconsistent,2,,
00370,,M209_Printing tray overhead crane hoist module blocking cylinder retraction status is inconsistent,2,,
00373,,M210_Silver sintering tray overhead crane hoist module lifting cylinder extension failure,2,,
00374,,M210_Silver sintering tray overhead crane hoist module lifting cylinder retraction failure,2,,
00375,,M210_Silver sintering tray overhead crane hoist module lifting cylinder extension is prohibited,2,,
00376,,M210_Silver sintering tray overhead crane hoist module lifting cylinder return is prohibited,2,,
00377,,M210_Silver sintering tray overhead crane hoist module lifting cylinder extension status is inconsistent,2,,
00378,,M210_Silver sintering tray overhead crane hoist module lifting cylinder retraction status is inconsistent,2,,
00381,,M211_ Silver sintering tray overhead crane hoist module lifting reversing cylinder extension failure,2,,
00382,,M211_Silver sintering tray overhead crane hoist module lifting reversing cylinder retraction failure,2,,
00383,,M211_ Silver sintering tray overhead crane hoist module lifting reversing cylinder extension is prohibited,2,,
00384,,M211_Silver sintering tray overhead crane hoist module lifting reversing cylinder retraction is prohibited,2,,
00385,,M211_Silver sintering tray overhead crane hoist module lifting reversing cylinder extension status is inconsistent,2,,
00386,,M211_Silver sintering tray overhead crane hoist module lifting reversing cylinder retraction status is inconsistent,2,,
00389,,M212_Silver sintering tray lifting and reversing cache position 1 lifting and reversing cylinder extension fault,2,,
00390,,M212_Silver sintering tray lifting and reversing cache position 1 lifting and reversing cylinder retraction failure,2,,
00391,,M212_Silver sintering tray lifting and reversing buffer position 1 lifting and reversing cylinder extension is prohibited,2,,
00392,,M212_Silver sintering tray lifting and reversing cache position 1 lifting and reversing cylinder return is prohibited,2,,
00393,,M212_Silver sintering tray lifting and reversing cache position 1 lifting and reversing cylinder extension status is inconsistent,2,,
00394,,M212_Silver sintering tray lifting and reversing cache position 1 lifting and reversing cylinder retraction status is inconsistent,2,,
00397,,M213_Silver sintering tray lifting and reversing buffer position 1 lifting and reversing blocking cylinder 1 extension fault,2,,
00398,,M213_Silver sintering tray lifting and reversing buffer position 1 lifting and reversing blocking cylinder 1 retraction fault,2,,
00399,,M213_Silver sintering tray lifting reversing buffer position 1 lifting reversing blocking cylinder 1 extension is prohibited,2,,
00400,,M213_Silver sintering tray lifting and reversing buffer position 1 lifting and reversing blocking cylinder 1 retraction is prohibited,2,,
00401,,M213_Silver sintering tray lifting reversing buffer position 1 lifting reversing blocking cylinder 1 extension status is inconsistent,2,,
00402,,M213_Silver sintering tray lifting and reversing buffer position 1 lifting and reversing blocking cylinder 1 retraction status is inconsistent,2,,
00405,,M214_Silver sintering tray lifting reversing buffer position 1 lifting reversing blocking cylinder 2 extension fault,2,,
00406,,M214_Silver sintering tray lifting and reversing buffer position 1 lifting and reversing blocking cylinder 2 retraction fault,2,,
00407,,M214_Silver sintering tray lifting reversing buffer position 1 lifting reversing blocking cylinder 2 extension is prohibited,2,,
00408,,M214_Silver sintering tray lifting reversing buffer position 1 lifting reversing blocking cylinder 2 return is prohibited,2,,
00409,,M214_Silver sintering tray lifting reversing buffer position 1 lifting reversing blocking cylinder 2 extension status is inconsistent,2,,
00410,,M214_Silver sintering tray lifting and reversing buffer position 1 lifting and reversing blocking cylinder 2 retraction status is inconsistent,2,,
00413,,M215_Silver sintering tray limit frame station blocking cylinder extension failure,2,,
00414,,M215_Silver sintering tray taking limit frame station blocking cylinder retraction fault,2,,
00415,,M215_Silver sintering tray takes the limit frame station to block the cylinder from extending and is prohibited,2,,
00416,,M215_Silver sintering tray taking limit frame station blocking cylinder retraction is prohibited,2,,
00417,,M215_Silver sintering tray takes the limit frame station to block the cylinder extension status is inconsistent,2,,
00418,,M215_Silver sintering tray takes the limit frame station to block the cylinder retraction status inconsistent,2,,
00421,,M216_Silver sintering tray limit frame position lifting cylinder extension failure,2,,
00422,,M216_Silver sintering tray limit frame position lifting cylinder retraction failure,2,,
00423,,M216_The lifting cylinder of the silver sintering tray limit frame station is prohibited from extending,2,,
00424,,M216_Silver sintering tray limit frame position lifting cylinder return is prohibited,2,,
00425,,M216_Silver sintering tray limit frame station lifting cylinder extension status is inconsistent,2,,
00426,,M216_Silver sintering tray limit frame station lifting cylinder retraction status inconsistent,2,,
00429,,M217_Silver sintering tray limit frame removal workstation displacement cylinder extension failure,2,,
00430,,M217_Silver sintering tray limit frame workstation displacement cylinder retraction failure,2,,
00431,,M217_Silver sintering tray limit frame removal workstation displacement cylinder extension is prohibited,2,,
00432,,M217_Silver sintering tray limit frame removal workstation displacement cylinder retraction is prohibited,2,,
00433,,M217_Silver sintering tray limit frame workstation displacement cylinder extension status inconsistent,2,,
00434,,M217_Silver sintering tray limit frame removal workstation displacement cylinder retraction status inconsistent,2,,
00437,,M218_Silver sintering tray limit frame removal workstation lifting cylinder extension failure,2,,
00438,,M218_Silver sintering tray limit frame removal workstation lifting cylinder retraction failure,2,,
00439,,M218_Silver sintering tray removal limit frame workstation displacement position lifting cylinder extension is prohibited,2,,
00440,,M218_Silver sintering tray removal limit frame workstation displacement position lifting cylinder return is prohibited,2,,
00441,,M218_Silver sintering tray limit frame removal workstation displacement workstation lifting cylinder extension status inconsistent,2,,
00442,,M218_Silver sintering tray limit frame removal workstation lifting cylinder retraction status inconsistent,2,,
00445,,M219_Silver sintering tray processing cache station blocking cylinder extension fault,2,,
00446,,M219_Silver sintering tray processing cache station blocking cylinder retraction failure,2,,
00447,,M219_Silver sintering tray processing cache station blocking cylinder extension is prohibited,2,,
00448,,M219_Silver sintering tray processing cache station blocking cylinder retraction is prohibited,2,,
00449,,M219_Silver sintering tray processing cache station blocking cylinder extension status inconsistent,2,,
00450,,M219_Silver sintering tray processing cache station blocking cylinder retraction status is inconsistent,2,,
00453,,M220_ Silver sintering tray processing cache station lifting cylinder extension failure,2,,
00454,,M220_Silver sintering tray processing cache station lifting cylinder retraction failure,2,,
00455,,M220_Silver sintering tray processing cache station lifting cylinder extension is prohibited,2,,
00456,,M220_Silver sintering tray processing cache station lifting cylinder return is prohibited,2,,
00457,,M220_Silver sintering tray processing cache station lifting cylinder extension status is inconsistent,2,,
00458,,M220_Silver sintering tray processing cache station lifting cylinder retraction status is inconsistent,2,,
00461,,M221_Silver sintering tray processing station blocking cylinder extension fault,2,,
00462,,M221_Silver sintering tray processing station blocking cylinder retraction failure,2,,
00463,,M221_Silver sintering tray processing station blocking cylinder extension is prohibited,2,,
00464,,M221_Silver sintering tray processing station blocking cylinder retraction is prohibited,2,,
00465,,M221_Silver sintering tray processing station blocking cylinder extension status is inconsistent,2,,
00466,,M221_Silver sintering tray processing station blocking cylinder retraction status is inconsistent,2,,
00469,,M222_Silver sintering tray processing station lifting cylinder extension failure,2,,
00470,,M222_Silver sintering tray processing station lifting cylinder retraction failure,2,,
00471,,M222_The extension of the lifting cylinder of the silver sintering tray processing station is prohibited,2,,
00472,,M222_Silver sintering tray processing station lifting cylinder return is prohibited,2,,
00473,,M222_The extension status of the lifting cylinder of the silver sintering tray processing station is inconsistent,2,,
00474,,M222_The retraction status of the lifting cylinder of the silver sintering tray processing station is inconsistent,2,,
00477,,M223_Silver sintering tray processing station ring lifting limit cylinder extension failure,2,,
00478,,M223_Silver sintering tray processing station ring lifting limit cylinder retraction failure,2,,
00479,,M223_Silver sintering tray processing station ring lifting limit cylinder extension is prohibited,2,,
00480,,M223_Silver sintering tray processing station ring lifting limit cylinder retraction is prohibited,2,,
00481,,M223_Silver sintering tray processing station ring lifting limit cylinder extension status is inconsistent,2,,
00482,,M223_Silver sintering tray processing station ring lifting limit cylinder retraction status is inconsistent,2,,
00485,,M224_Silver sintering tray lifting reversing buffer position 2 blocking cylinder extension fault,2,,
00486,,M224_Silver sintering tray lifting reversing buffer position 2 blocking cylinder retraction fault,2,,
00487,,M224_Silver sintering tray lifting reversing buffer position 2 blocking cylinder extension is prohibited,2,,
00488,,M224_Silver sintering tray lifting reversing buffer position 2 blocking cylinder return is prohibited,2,,
00489,,M224_Silver sintering tray lifting reversing buffer position 2 blocking cylinder extension status inconsistent,2,,
00490,,M224_Silver sintering tray lifting reversing buffer position 2 blocking cylinder retraction status inconsistent,2,,
00493,,M225_Silver sintering tray lifting and reversing cache position 2 lifting and reversing cylinder extension failure,2,,
00494,,M225_Silver sintering tray lifting and reversing cache position 2 lifting and reversing cylinder retraction failure,2,,
00495,,M225_Silver sintering tray lifting and reversing buffer position 2 lifting and reversing cylinder extension is prohibited,2,,
00496,,M225_Silver sintering tray lifting and reversing cache position 2 lifting and reversing cylinder retraction is prohibited,2,,
00497,,M225_Silver sintering tray lifting and reversing cache position 2 lifting and reversing cylinder extension status is inconsistent,2,,
00498,,M225_Silver sintering tray lifting and reversing cache position 2 lifting and reversing cylinder retraction status is inconsistent,2,,
00501,,M226_Silver sintering tray manual feeding flow line blocking cylinder extension fault,2,,
00502,,M226_Silver sintering tray manual feeding flow line blocking cylinder retraction failure,2,,
00503,,M226_Silver sintering tray manual feeding flow line blocking cylinder extension is prohibited,2,,
00504,,M226_Silver sintering tray manual feeding flow line blocking cylinder return is prohibited,2,,
00505,,M226_Silver sintering tray manual feeding flow line blocking cylinder extension state is inconsistent,2,,
00506,,M226_Silver sintering tray manual feeding flow line blocking cylinder retraction state is inconsistent,2,,
00509,,M227_Silver sintered AMB lock attached gantry module suction film suction limit frame upper and lower cylinder extension failure,2,,
00510,,M227_Silver sintered AMB lock attached gantry module suction film suction limit frame upper and lower cylinder retraction failure,2,,
00511,,M227_Silver sintered AMB lock attached gantry module suction film suction limit frame upper and lower cylinder extension is prohibited,2,,
00512,,M227_Silver sintered AMB lock attached gantry module suction film suction limit frame upper and lower cylinder retraction is prohibited,2,,
00513,,M227_Silver sintered AMB lock attached gantry module suction film suction limit frame upper and lower cylinder extension status inconsistent,2,,
00514,,M227_Silver sintered AMB lock attached gantry module suction film suction limit frame upper and lower cylinder retraction status inconsistent,2,,
00517,,M228_Silver sintering limit frame temporary storage station telescopic cylinder extension failure,2,,
00518,,M228_Silver sintering limit frame temporary storage station telescopic cylinder retraction failure,2,,
00519,,M228_Silver sintering limit frame temporary storage station telescopic cylinder extension is prohibited,2,,
00520,,M228_Silver sintering limit frame temporary storage station telescopic cylinder return is prohibited,2,,
00521,,M228_Silver sintering limit frame temporary storage station telescopic cylinder extension status is inconsistent,2,,
00522,,M228_Silver sintering limit frame temporary storage station telescopic cylinder retraction status inconsistent,2,,
00525,,M229_Silver sintering silver mold feeding clip module transfer cylinder extension failure,2,,
00526,,M229_Silver sintering silver mold feeding clip module transfer cylinder retraction failure,2,,
00527,,M229_Silver sintering silver mold feeding clip module transfer cylinder extension is prohibited,2,,
00528,,M229_Silver sintering silver mold feeding clip module transfer cylinder retraction is prohibited,2,,
00529,,M229_Silver sintering silver mold feeding clip module transfer cylinder extension state is inconsistent,2,,
00530,,M229_Silver sintering silver mold feeding clip module transplant cylinder retraction state is inconsistent,2,,
00533,,M411_Printing tray loading buffer line motor extension failure,2,,
00534,,M411_Printing tray loading buffer line motor retraction failure,2,,
00535,,M411_Printing tray loading buffer line motor extension is prohibited,2,,
00536,,M411_Printing tray loading buffer line motor return is prohibited,2,,
00537,,M411_Printing tray loading buffer line motor extension status is inconsistent,2,,
00538,,M411_Printing tray loading buffer line motor retraction status is inconsistent,2,,
00541,,M412_Printing tray return line hoist module streamline motor extension failure,2,,
00542,,M412_Printing tray return line elevator module streamline motor retraction failure,2,,
00543,,M412_Printing tray return line hoist module streamline motor extension is prohibited,2,,
00544,,M412_Printing tray return line elevator module flow line motor retraction is prohibited,2,,
00545,,M412_Printing tray return line hoist module streamline motor extension status is inconsistent,2,,
00546,,M412_Printing tray return line hoist module streamline motor retraction status is inconsistent,2,,
00549,,M413_Printing tray lower layer return line flow line motor extension failure,2,,
00550,,M413_Printing tray lower layer return line flow line motor retraction failure,2,,
00551,,M413_Printing tray lower layer return line flow line motor extension is prohibited,2,,
00552,,M413_Printing tray lower layer return line flow line motor return is prohibited,2,,
00553,,M413_Printing tray lower layer return line flow line motor extension status is inconsistent,2,,
00554,,M413_Printing tray lower return line flow line motor retraction status is inconsistent,2,,
00557,,M414_Printing tray overhead crane hoist module streamline motor extension failure,2,,
00558,,M414_Printing tray overhead crane hoist module streamline motor retraction failure,2,,
00559,,M414_Printing tray overhead crane hoist module streamline motor extension is prohibited,2,,
00560,,M414_Printing tray overhead crane hoist module streamline motor retraction is prohibited,2,,
00561,,M414_Printing tray overhead crane hoist module streamline motor extension status is inconsistent,2,,
00562,,M414_Printing tray overhead crane hoist module streamline motor retraction status is inconsistent,2,,
00565,,M415_ Silver sintering tray overhead crane hoist module lifting reversing line motor extension failure,2,,
00566,,M415_Silver sintering tray overhead crane hoist module lifting reversing line motor retraction failure,2,,
00567,,M415_ Silver sintering tray overhead crane hoist module lifting reversing line motor extension is prohibited,2,,
00568,,M415_Silver sintering tray overhead crane hoist module lifting reversing line motor return is prohibited,2,,
00569,,M415_Silver sintering tray overhead crane hoist module lifting reversing line motor extension status is inconsistent,2,,
00570,,M415_Silver sintering tray overhead crane hoist module lifting reversing line motor retraction status is inconsistent,2,,
00573,,M416_Silver sintering tray overhead crane hoist module reflow line motor extension failure,2,,
00574,,M416_Silver sintering tray overhead crane hoist module reflow line motor retraction failure,2,,
00575,,M416_Silver sintering tray crane hoist module reflow line motor extension is prohibited,2,,
00576,,M416_Silver sintering tray overhead crane hoist module reflow line motor retraction is prohibited,2,,
00577,,M416_Silver sintering tray crane hoist module reflow line line motor extension status is inconsistent,2,,
00578,,M416_Silver sintering tray crane hoist module reflow line motor retraction status inconsistent,2,,
00581,,M417_Silver sintering tray lifting reversing buffer position 1 line motor extension fault,2,,
00582,,M417_Silver sintering tray lifting and reversing buffer position 1 line motor retraction fault,2,,
00583,,M417_Silver sintering tray lifting reversing buffer position 1 line body motor extension is prohibited,2,,
00584,,M417_Silver sintering tray lifting commutation buffer position 1 line body motor return is prohibited,2,,
00585,,M417_Silver sintering tray lifting reversing cache position 1 line motor extension status is inconsistent,2,,
00586,,M417_Silver sintering tray lifting and reversing buffer position 1 line motor retraction status is inconsistent,2,,
00589,,M418_Silver sintering tray lifting and reversing buffer position 1 lifting and reversing line motor extension fault,2,,
00590,,M418_Silver sintering tray lifting and reversing buffer position 1 lifting and reversing line motor retraction fault,2,,
00591,,M418_Silver sintering tray lifting and reversing buffer position 1 lifting and reversing line motor extension is prohibited,2,,
00592,,M418_Silver sintering tray lifting and reversing buffer position 1 lifting and reversing line motor retraction is prohibited,2,,
00593,,M418_Silver sintering tray lifting and reversing buffer position 1 lifting and reversing line motor extension status is inconsistent,2,,
00594,,M418_Silver sintering tray lifting and reversing cache position 1 lifting and reversing line motor retraction status is inconsistent,2,,
00597,,M419_Silver sintering tray transfer station line motor extension failure,2,,
00598,,M419_Silver sintering tray transfer station line motor retraction failure,2,,
00599,,M419_Silver sintering tray transfer station line motor extension is prohibited,2,,
00600,,M419_Silver sintering tray transfer station line motor return is prohibited,2,,
00601,,M419_Silver sintering tray transfer station line motor extension status is inconsistent,2,,
00602,,M419_Silver sintering tray transfer station line motor retraction status is inconsistent,2,,
00605,,M420_Silver sintering tray processing cache station line motor extension failure,2,,
00606,,M420_Silver sintering tray processing cache station line motor retraction failure,2,,
00607,,M420_Silver sintering tray processing cache station line motor extension is prohibited,2,,
00608,,M420_Silver sintering tray processing cache station line motor retraction is prohibited,2,,
00609,,M420_Silver sintering tray processing cache station line motor extension status is inconsistent,2,,
00610,,M420_Silver sintering tray processing cache station line motor retraction status is inconsistent,2,,
00613,,M421_Silver sintering tray lifting and reversing buffer position 2 lifting and reversing line motor extension fault,2,,
00614,,M421_Silver sintering tray lifting and reversing buffer position 2 lifting and reversing line motor retraction failure,2,,
00615,,M421_Silver sintering tray lifting and reversing buffer position 2 lifting and reversing line motor extension is prohibited,2,,
00616,,M421_Silver sintering tray lifting and reversing buffer position 2 lifting and reversing line motor return is prohibited,2,,
00617,,M421_Silver sintering tray lifting and reversing buffer position 2 lifting and reversing line motor extension status is inconsistent,2,,
00618,,M421_Silver sintering tray lifting and reversing buffer position 2 lifting and reversing line motor retraction status is inconsistent,2,,
00621,,M422_Silver sintering tray manual feeding streamline motor extension failure,2,,
00622,,M422_Silver sintering tray manual feeding streamline motor retraction failure,2,,
00623,,M422_Silver sintering tray manual feeding streamline motor extension is prohibited,2,,
00624,,M422_Silver sintering tray manual feeding streamline motor retraction is prohibited,2,,
00625,,M422_Silver sintering tray manual feeding streamline line motor extension status is inconsistent,2,,
00626,,M422_Silver sintering tray manual feeding streamline line motor retraction status is inconsistent,2,,
00629,,M301_Silver sintered AMB lock gantry module silver film suction valve extension failure,2,,
00630,,M301_Silver sintered AMB lock gantry module silver film suction valve retraction failure,2,,
00631,,M301_Silver sintered AMB lock gantry module silver film suction valve extension is prohibited,2,,
00632,,M301_Silver sintered AMB lock attached gantry module silver film suction valve return is prohibited,2,,
00633,,M301_Silver sintered AMB lock gantry module silver film suction valve extension status is inconsistent,2,,
00634,,M301_Silver sintered AMB lock gantry module silver film suction valve retraction state is inconsistent,2,,
00637,,M302_Silver sintered AMB lock gantry module ring suction valve extension failure,2,,
00638,,M302_Silver sintered AMB lock gantry module ring suction valve retraction failure,2,,
00639,,M302_Silver sintered AMB lock attached gantry module ring suction valve extension is prohibited,2,,
00640,,M302_Silver sintered AMB lock attached gantry module ring suction valve retraction is prohibited,2,,
00641,,M302_Silver sintered AMB lock gantry module ring suction valve extension status is inconsistent,2,,
00642,,M302_Silver sintered AMB lock gantry module ring suction valve retraction status inconsistent,2,,
00645,,M303_Silver sintered AMB lock gantry module silver film limit frame suction valve extension failure,2,,
00646,,M303_Silver sintered AMB lock gantry module silver film limit frame suction valve retraction failure,2,,
00647,,M303_Silver sintered AMB lock attached gantry module silver film limit frame suction valve extension is prohibited,2,,
00648,,M303_Silver sintered AMB lock attached gantry module silver film limit frame suction valve return is prohibited,2,,
00649,,M303_Silver sintered AMB lock attached gantry module silver film limit frame suction valve extension status inconsistent,2,,
00650,,M303_Silver sintered AMB lock attached gantry module silver film limit frame suction valve retraction state is inconsistent,2,,
00653,,M304_Silver sintered AMB locking gantry module screw gun suction valve extension failure,2,,
00654,,M304_Silver sintered AMB locking gantry module screw gun suction valve retraction failure,2,,
00655,,M304_Silver sintered AMB lock gantry module screw gun suction valve extension is prohibited,2,,
00656,,M304_Silver sintered AMB lock gantry module screw gun suction valve retraction is prohibited,2,,
00657,,M304_Silver sintered AMB locking gantry module screw gun suction valve extension status is inconsistent,2,,
00658,,M304_Silver sintered AMB locking gantry module screw gun suction valve retraction state is inconsistent,2,,
00661,,M305_Printing line AMB handling gantry module AMB suction valve extension failure,2,,
00662,,M305_Printing line AMB handling gantry module AMB suction valve retraction failure,2,,
00663,,M305_Printing line AMB handling gantry module AMB suction valve extension is prohibited,2,,
00664,,M305_Printing line AMB handling gantry module AMB suction valve return is prohibited,2,,
00665,,M305_Printing line AMB handling gantry module AMB suction valve extension status is inconsistent,2,,
00666,,M305_Printing line AMB handling gantry module AMB suction valve retraction status is inconsistent,2,,
00669,,Reserve 47 extension fault,2,,
00670,,Reserve 47 retract failure,2,,
00671,,Reserved 47 extension is prohibited,2,,
00672,,Reserve 47 Retraction is prohibited,2,,
00673,,Reserved 47 extension status is inconsistent,2,,
00674,,Reserve 47 retracted status inconsistent,2,,
00677,,Reserve 48 extension fault,2,,
00678,,Reserve 48 retract fault,2,,
00679,,Reserved 48 extension is prohibited,2,,
00680,,Reserved 48 return is prohibited,2,,
00681,,Reserved 48 extension status is inconsistent,2,,
00682,,Reserve 48 retracted status inconsistent,2,,
00685,,Reserve 49 extension fault,2,,
00686,,Reserve 49 retract fault,2,,
00687,,Reserved 49 extension is prohibited,2,,
00688,,Reserve 49 retraction is prohibited,2,,
00689,,Reserved 49 extension status is inconsistent,2,,
00690,,Reserve 49 retracted status inconsistent,2,,
00693,,Reserve 50 extension fault,2,,
00694,,Reserve 50 retract failure,2,,
00695,,Reserve 50 stretch is prohibited,2,,
00696,,Reserve 50 return is prohibited,2,,
00697,,Reserve 50 extension status is inconsistent,2,,
00698,,Reserve 50 retracted status is inconsistent,2,,
01001,,M711_Printing line AMB handling gantry module X-axis servo motor servo error,2,,
01002,,M711_Printing line AMB handling gantry module X-axis servo motor forward overtravel,2,,
01003,,M711_Printing line AMB handling gantry module X-axis servo motor reverse overtravel,2,,
01004,,M711_Printing line AMB handling gantry module X-axis servo motor motion conditions are not met,2,,
01005,,M711_Printing line AMB handling gantry module X-axis servo motor movement timeout,2,,
01006,,M711_Printing line AMB handling gantry module X-axis servo motor read and write parameter error,2,,
01007,,M711_Printing line AMB handling gantry module X-axis servo motor position abnormal,2,,
01009,,M712_Printing line AMB handling gantry module Y1 axis servo motor servo error,2,,
01010,,M712_Printing line AMB handling gantry module Y1 axis servo motor forward overtravel,2,,
01011,,M712_Printing line AMB handling gantry module Y1 axis servo motor reverse overtravel,2,,
01012,,M712_Printing line AMB handling gantry module Y1 axis servo motor motion conditions are not met,2,,
01013,,M712_Printing line AMB handling gantry module Y1 axis servo motor movement timeout,2,,
01014,,M712_Printing line AMB handling gantry module Y1 axis servo motor read and write parameter error,2,,
01015,,M712_Printing line AMB handling gantry module Y1 axis servo motor position abnormal,2,,
01017,,M713_Printing line AMB handling gantry module Y2 axis servo motor servo error,2,,
01018,,M713_Printing line AMB handling gantry module Y2 axis servo motor forward overtravel,2,,
01019,,M713_Printing line AMB handling gantry module Y2 axis servo motor reverse overtravel,2,,
01020,,M713_Printing line AMB handling gantry module Y2 axis servo motor motion conditions are not met,2,,
01021,,M713_Printing line AMB handling gantry module Y2 axis servo motor movement timeout,2,,
01022,,M713_Printing line AMB handling gantry module Y2 axis servo motor read and write parameter error,2,,
01023,,M713_Printing line AMB handling gantry module Y2 axis servo motor position abnormal,2,,
01025,,M714_Printing line AMB handling gantry module Z1 axis servo motor servo error,2,,
01026,,M714_Printing line AMB handling gantry module Z1 axis servo motor forward overtravel,2,,
01027,,M714_Printing line AMB handling gantry module Z1 axis servo motor reverse overtravel,2,,
01028,,M714_Printing line AMB handling gantry module Z1 axis servo motor motion conditions are not met,2,,
01029,,M714_Printing line AMB handling gantry module Z1 axis servo motor movement timeout,2,,
01030,,M714_Printing line AMB handling gantry module Z1 axis servo motor read and write parameter error,2,,
01031,,M714_Printing line AMB handling gantry module Z1 axis servo motor position abnormal,2,,
01033,,M723_ Silver sintering silver mold feeding clip module lifting Z axis servo motor servo error,2,,
01034,,M723_Silver sintering silver mold feeding clip module lifting Z axis servo motor positive rotation overtravel,2,,
01035,,M723_Silver sintering silver mold feeding clip module lifting Z axis servo motor reverse overtravel,2,,
01036,,M723_The motion conditions of the Z-axis servo motor for the silver sintering silver mold loading clip module are not met,2,,
01037,,M723_ Silver sintering silver mold feeding clip module lifting Z axis servo motor movement timeout,2,,
01038,,M723_ Silver sintering silver mold feeding clip module lifting Z axis servo motor reading and writing parameters error,2,,
01039,,M723_Silver sintering silver mold feeding clip module lifting Z axis servo motor position abnormal,2,,
01041,,M716_Printing line AMB handling gantry module R axis servo motor servo error,2,,
01042,,M716_Printing line AMB handling gantry module R axis servo motor forward overtravel,2,,
01043,,M716_Printing line AMB handling gantry module R axis servo motor reverse overtravel,2,,
01044,,M716_Printing line AMB handling gantry module R axis servo motor motion conditions are not met,2,,
01045,,M716_Printing line AMB handling gantry module R axis servo motor movement timeout,2,,
01046,,M716_Printing line AMB handling gantry module R axis servo motor read and write parameter error,2,,
01047,,M716_Printing line AMB handling gantry module R axis servo motor position abnormal,2,,
01049,,M717_Silver sintered AMB lock gantry module X-axis servo motor servo error,2,,
01050,,M717_Silver sintered AMB lock gantry module X-axis servo motor forward overtravel,2,,
01051,,M717_Silver sintered AMB lock gantry module X-axis servo motor reverse overtravel,2,,
01052,,M717_Silver sintered AMB lock gantry module X-axis servo motor motion conditions are not met,2,,
01053,,M717_Silver sintered AMB lock gantry module X-axis servo motor movement timeout,2,,
01054,,M717_Silver sintered AMB lock gantry module X-axis servo motor read and write parameter error,2,,
01055,,M717_Silver sintered AMB lock gantry module X-axis servo motor position abnormal,2,,
01057,,M718_Silver sintered AMB lock gantry module Y1 axis servo motor servo error,2,,
01058,,M718_Silver sintered AMB lock gantry module Y1 axis servo motor forward overtravel,2,,
01059,,M718_Silver sintered AMB lock gantry module Y1 axis servo motor reverse overtravel,2,,
01060,,M718_Silver sintered AMB lock gantry module Y1 axis servo motor motion conditions are not met,2,,
01061,,M718_Silver sintered AMB lock gantry module Y1 axis servo motor movement timeout,2,,
01062,,M718_Silver sintered AMB lock gantry module Y1 axis servo motor read and write parameter error,2,,
01063,,M718_Silver sintered AMB lock gantry module Y1 axis servo motor position abnormal,2,,
01065,,M719_Silver sintered AMB lock gantry module Y2 axis servo motor servo error,2,,
01066,,M719_Silver sintered AMB lock gantry module Y2 axis servo motor forward overtravel,2,,
01067,,M719_Silver sintered AMB lock gantry module Y2 axis servo motor reverse overtravel,2,,
01068,,M719_Silver sintered AMB lock gantry module Y2 axis servo motor motion conditions are not met,2,,
01069,,M719_Silver sintered AMB lock gantry module Y2 axis servo motor movement timeout,2,,
01070,,M719_Silver sintered AMB lock gantry module Y2 axis servo motor read and write parameter error,2,,
01071,,M719_Silver sintered AMB lock gantry module Y2 axis servo motor position abnormal,2,,
01073,,M720_Silver sintered AMB lock gantry module Z1 axis servo motor servo error,2,,
01074,,M720_Silver sintered AMB lock gantry module Z1 axis servo motor forward overtravel,2,,
01075,,M720_Silver sintered AMB lock gantry module Z1 axis servo motor reverse overtravel,2,,
01076,,M720_Silver sintered AMB lock gantry module Z1 axis servo motor motion conditions are not met,2,,
01077,,M720_Silver sintered AMB lock gantry module Z1 axis servo motor movement timeout,2,,
01078,,M720_Silver sintered AMB lock gantry module Z1 axis servo motor read and write parameter error,2,,
01079,,M720_Silver sintered AMB lock gantry module Z1 axis servo motor position abnormal,2,,
01081,,M721_Silver sintered AMB lock gantry module R axis servo motor servo error,2,,
01082,,M721_Silver sintered AMB lock gantry module R axis servo motor forward overtravel,2,,
01083,,M721_Silver sintered AMB lock gantry module R axis servo motor reverse overtravel,2,,
01084,,M721_Silver sintered AMB lock gantry module R axis servo motor motion conditions are not met,2,,
01085,,M721_Silver sintered AMB lock gantry module R axis servo motor movement timeout,2,,
01086,,M721_Silver sintered AMB lock gantry module R axis servo motor read and write parameter error,2,,
01087,,M721_Silver sintered AMB lock gantry module R axis servo motor position abnormal,2,,
01089,,M722_Silver sintered AMB lock gantry module Z2 axis servo motor servo error,2,,
01090,,M722_Silver sintered AMB lock gantry module Z2 axis servo motor forward overtravel,2,,
01091,,M722_Silver sintered AMB lock gantry module Z2 axis servo motor reverse overtravel,2,,
01092,,M722_Silver sintered AMB lock gantry module Z2 axis servo motor motion conditions are not met,2,,
01093,,M722_Silver sintered AMB lock gantry module Z2 axis servo motor movement timeout,2,,
01094,,M722_ Silver sintered AMB lock gantry module Z2 axis servo motor read and write parameter error,2,,
01095,,M722_Silver sintered AMB lock gantry module Z2 axis servo motor position abnormal,2,,
01097,,M715_Printing line AMB handling gantry module Z2 axis servo motor servo error,2,,
01098,,M715_Printing line AMB handling gantry module Z2 axis servo motor forward overtravel,2,,
01099,,M715_Printing line AMB handling gantry module Z2 axis servo motor reverse overtravel,2,,
01100,,M715_Printing line AMB handling gantry module Z2 axis servo motor motion conditions are not met,2,,
01101,,M715_Printing line AMB handling gantry module Z2 axis servo motor movement timeout,2,,
01102,,M715_Printing line AMB handling gantry module Z2 axis servo motor read and write parameter error,2,,
01103,,M715_Printing line AMB handling gantry module Z2 axis servo motor position abnormal,2,,
01105,,Reserved 14 Servo error,2,,
01106,,Reserved 14 Forward overtravel,2,,
01107,,Reserved 14 Reverse overtravel,2,,
01108,,Reserved 14 Movement conditions are not met,2,,
01109,,Reserved 14 Movement timeout,2,,
01110,,Reserved 14 Read and write parameter error,2,,
01111,,Reserved 14 Abnormal position,2,,
01113,,Reserved 15 Servo error,2,,
01114,,Reserved 15 Forward overtravel,2,,
01115,,Reserved 15 Reverse overtravel,2,,
01116,,Reserved 15 Movement conditions are not met,2,,
01117,,Reserve 15 Movement timeout,2,,
01118,,Reserved 15 Read and write parameter error,2,,
01119,,Reserved 15 Abnormal position,2,,
01121,,Reserved 16 Servo error,2,,
01122,,Reserved 16 Forward overtravel,2,,
01123,,Reserved 16 Reverse overtravel,2,,
01124,,Reserved 16 Movement conditions are not met,2,,
01125,,Reserved 16 Movement timeout,2,,
01126,,Reserved 16 Read and write parameter error,2,,
01127,,Reserved 16 Position abnormality,2,,
01129,,Reserved 17 Servo error,2,,
01130,,Reserved 17 Forward overtravel,2,,
01131,,Reserved 17 Reverse overtravel,2,,
01132,,Reserved 17 Movement conditions are not met,2,,
01133,,Reserved 17 Movement timeout,2,,
01134,,Reserved 17 Read and write parameter error,2,,
01135,,Reserved 17 Abnormal position,2,,
01137,,Reserved 18 Servo error,2,,
01138,,Reserved 18 Forward overtravel,2,,
01139,,Reserved 18 Reverse overtravel,2,,
01140,,Reserved 18 Movement conditions are not met,2,,
01141,,Reserved 18 Movement timeout,2,,
01142,,Reserved 18 Read and write parameter error,2,,
01143,,Reserved 18 Abnormal position,2,,
01145,,Reserved 19 Servo error,2,,
01146,,Reserved 19 Forward overtravel,2,,
01147,,Reserved 19 Reverse overtravel,2,,
01148,,Reserved 19 Movement conditions are not met,2,,
01149,,Reserved 19 Movement timeout,2,,
01150,,Reserved 19 Read and write parameter error,2,,
01151,,Reserved 19 Abnormal position,2,,
01153,,Reserved 20 Servo error,2,,
01154,,Reserve 20 Forward overtravel,2,,
01155,,Reserve 20 Reverse overtravel,2,,
01156,,Reserved 20 Movement conditions not met,2,,
01157,,Reserve 20 Movement timeout,2,,
01158,,Reserved 20 Read and write parameter error,2,,
01159,,Reserved 20 Position abnormality,2,,
01161,,Reserved 21 Servo error,2,,
01162,,Reserved 21 Forward overtravel,2,,
01163,,Reserved 21 Reverse overtravel,2,,
01164,,Reserved 21 Movement conditions are not met,2,,
01165,,Reserve 21 Movement timeout,2,,
01166,,Reserved 21 Read and write parameter error,2,,
01167,,Reserved 21 Abnormal position,2,,
01169,,Reserved 22 Servo error,2,,
01170,,Reserved 22 Forward overtravel,2,,
01171,,Reserved 22 Reverse overtravel,2,,
01172,,Reserved 22 Movement conditions are not met,2,,
01173,,Reserved 22 Movement timeout,2,,
01174,,Reserved 22 Read and write parameter error,2,,
01175,,Reserved 22 Abnormal position,2,,
01177,,Reserved 23 Servo error,2,,
01178,,Reserved 23 Forward overtravel,2,,
01179,,Reserved 23 Reverse overtravel,2,,
01180,,Reserved 23 Movement conditions are not met,2,,
01181,,Reserved 23 Movement timeout,2,,
01182,,Reserved 23 Read and write parameter error,2,,
01183,,Reserved 23 Abnormal position,2,,
01185,,Reserved 24 Servo error,2,,
01186,,Reserved 24 Forward overtravel,2,,
01187,,Reserved 24 Reverse overtravel,2,,
01188,,Reserved 24 Movement conditions are not met,2,,
01189,,Reserve 24 Movement timeout,2,,
01190,,Reserved 24 Read and write parameter error,2,,
01191,,Reserved 24 Position abnormality,2,,
01193,,Reserved 25 Servo error,2,,
01194,,Reserve 25 Forward overtravel,2,,
01195,,Reserve 25 Reverse overtravel,2,,
01196,,Reserved 25 Movement conditions not met,2,,
01197,,Reserve 25 Movement timeout,2,,
01198,,Reserved 25 Read and write parameter error,2,,
01199,,Reserved 25 Position abnormality,2,,
01201,,Reserved 26 Servo error,2,,
01202,,Reserved 26 Forward overtravel,2,,
01203,,Reserved 26 Reverse overtravel,2,,
01204,,Reserved 26 Movement conditions are not met,2,,
01205,,Reserved 26 Movement timeout,2,,
01206,,Reserved 26 Read and write parameter error,2,,
01207,,Reserved 26 Position abnormality,2,,
01209,,Reserved 27 Servo error,2,,
01210,,Reserved 27 Forward overtravel,2,,
01211,,Reserved 27 Reverse overtravel,2,,
01212,,Reserved 27 Movement conditions are not met,2,,
01213,,Reserved 27 Movement timeout,2,,
01214,,Reserved 27 Read and write parameter error,2,,
01215,,Reserved 27 Abnormal position,2,,
01217,,Reserved 28 Servo error,2,,
01218,,Reserved 28 Forward overtravel,2,,
01219,,Reserved 28 Reverse overtravel,2,,
01220,,Reserved 28 Movement conditions are not met,2,,
01221,,Reserve 28 Movement timeout,2,,
01222,,Reserved 28 Read and write parameter error,2,,
01223,,Reserved 28 Position abnormality,2,,
01225,,Reserved 29 Servo error,2,,
01226,,Reserved 29 Forward overtravel,2,,
01227,,Reserved 29 Reverse overtravel,2,,
01228,,Reserved 29 Movement conditions are not met,2,,
01229,,Reserved 29 Movement timeout,2,,
01230,,Reserved 29 Read and write parameter error,2,,
01231,,Reserved 29 Abnormal position,2,,
01233,,Reserved 30 Servo error,2,,
01234,,Reserve 30 Forward overtravel,2,,
01235,,Reserve 30 Reverse overtravel,2,,
01236,,Reserved 30 Movement conditions not met,2,,
01237,,Reserve 30 Movement Timeout,2,,
01238,,Reserved 30 Read and write parameter error,2,,
01239,,Reserved 30 Position abnormality,2,,
01241,,Reserved 31 Servo error,2,,
01242,,Reserved 31 Forward overtravel,2,,
01243,,Reserved 31 Reverse overtravel,2,,
01244,,Reserved 31 Movement conditions are not met,2,,
01245,,Reserved 31 Movement timeout,2,,
01246,,Reserved 31 Read and write parameter error,2,,
01247,,Reserved 31 Position abnormality,2,,
01249,,Reserved 32 Servo error,2,,
01250,,Reserved 32 Forward overtravel,2,,
01251,,Reserve 32 Reverse overtravel,2,,
01252,,Reserved 32 Movement conditions are not met,2,,
01253,,Reserved 32 Movement timeout,2,,
01254,,Reserved 32 Read and write parameter error,2,,
01255,,Reserved 32 position abnormal,2,,
01401,,Stop01_ M201_ Main line material station blocking cylinder leaves the blocking position timeout,2,,
01402,,Stop01_ M201_ Main line feeding station blocking cylinder reaching the next station timeout,2,,
01403,,Stop01_ M201_ Main line feed station blocking cylinder blocking position pallet lost,2,,
01404,,Stop01_ M201_ Main line feed station blocking cylinder reaches blocking position timeout,2,,
01409,,Stop02_M203_Mainstream line buffer 1 station blocking cylinder leaves blocking position timeout,2,,
01410,,Stop02_M203_Mainstream line buffer 1 station blocking cylinder reaching the next station timeout,2,,
01411,,Stop02_M203_Mainstream line buffer 1 station blocking cylinder blocking position tray is lost,2,,
01412,,Stop02_M203_Mainstream line buffer 1 station blocking cylinder reaches blocking position timeout,2,,
01417,,Stop03_M220_Mainstream line buffer 2 station blocking cylinder leaves blocking position timeout,2,,
01418,,Stop03_M220_Mainstream line buffer 2 station blocking cylinder reaching the next station timeout,2,,
01419,,Stop03_M220_Mainstream line buffer 2 station blocking cylinder blocking position tray is lost,2,,
01420,,Stop03_M220_Mainstream line buffer 2 station blocking cylinder reaches blocking position timeout,2,,
01425,,Stop04_M205_Main line feed station blocking cylinder leaves the blocking position timeout,2,,
01426,,Stop04_M205_Main line feed station blocking cylinder reaching the lower station timeout,2,,
01427,,Stop04_M205_Main line feed station blocking cylinder blocking position pallet lost,2,,
01428,,Stop04_M205_Main line feed station blocking cylinder reaches blocking position timeout,2,,
01433,,Blocker 5 Timeout after leaving blocking position,2,,
01434,,Blocker 5 reaches the next station timeout,2,,
01435,,Blocker 5 Blocking position tray is missing,2,,
01436,,Blocker 5 reaches blocking position timeout,2,,
01441,,Blocker 6 Timeout after leaving blocking position,2,,
01442,,Blocker 6 reaches the next station timeout,2,,
01443,,Blocker 6 Blocking position tray is missing,2,,
01444,,Blocker 6 reaches blocking position timeout,2,,
01449,,Blocker 7 Timeout after leaving blocking position,2,,
01450,,Blocker 7 reaches the next station timeout,2,,
01451,,Blocker 7 Blocking position tray is missing,2,,
01452,,Blocker 7 reaches blocking position timeout,2,,
01457,,Blocker 8 Timeout after leaving blocking position,2,,
01458,,Blocker 8 reaches the next station timeout,2,,
01459,,Blocker 8 Blocking position tray is missing,2,,
01460,,Blocker 8 reaches blocking position timeout,2,,
01465,,Blocker 9 Timeout after leaving blocking position,2,,
01466,,Blocker 9 reaches the next station timeout,2,,
01467,,Blocker 9 Blocking position tray is missing,2,,
01468,,Blocker 9 reaches blocking position timeout,2,,
01473,,Blocker 10 Timeout after leaving blocking position,2,,
01474,,Blocker 10 reaches the next station timeout,2,,
01475,,Blocker 10 Blocking position tray is lost,2,,
01476,,Blocker 10 reaches blocking position timeout,2,,
01481,,Blocker 11 Timeout after leaving blocking position,2,,
01482,,Blocker 11 reaches the next station timeout,2,,
01483,,Blocker 11 Blocking position tray is missing,2,,
01484,,Blocker 11 reaches blocking position timeout,2,,
01489,,Blocker 12 Timeout after leaving blocking position,2,,
01490,,Blocker 12 reaches the next station timeout,2,,
01491,,Blocker 12 Blocking position tray is missing,2,,
01492,,Blocker 12 reaches blocking position timeout,2,,
01497,,Blocker 13 Timeout after leaving blocking position,2,,
01498,,Blocker 13 reaches the next station timeout,2,,
01499,,Blocker 13 Blocking position tray is missing,2,,
01500,,Blocker 13 reached the blocking position timeout,2,,
01505,,Blocker 14 Timeout after leaving blocking position,2,,
01506,,Blocker 14 Timeout at the next station,2,,
01507,,Blocker 14 Blocking position tray is missing,2,,
01508,,Blocker 14 reached the blocking position timeout,2,,
01513,,Blocker 15 Timeout after leaving blocking position,2,,
01514,,Blocker 15 reaches the next station timeout,2,,
01515,,Blocker 15 Blocking position tray is missing,2,,
01516,,Blocker 15 reached the blocking position timeout,2,,
01521,,Blocker 16 Timeout after leaving blocking position,2,,
01522,,Blocker 16 Timeout at the next station,2,,
01523,,Blocker 16 Blocking position tray is missing,2,,
01524,,Blocker 16 reached the blocking position timeout,2,,
01716,,"#warning-com, 1000-1015, 1 word",2,,
01802,,"The number of continuous NGs of the equipment exceeds the set value, please confirm!",2,,
01803,,"The total number of equipment NG exceeds the set value, please confirm!",2,,
01804,,The communication between ROBOT and PLC is not established!,2,,
01810,,The mainstream online material station barcode scanner gun is not connected!,2,,
01811,,The barcode scanner of the gantry handling module is not connected!,2,,
01812,,The barcode scanner is not connected!,2,,
01813,,The barcode scanner is not connected!,2,,
01816,,"When MES is online, the work order quantity is set incorrectly! Please confirm!",2,,
01841,,PC heartbeat abnormal!,2,,
01842,,3D heartbeat abnormality!,2,,
01843,,MES abnormal heartbeat!,2,,
01844,,Device 3 has abnormal heartbeat!,2,,
01845,,Device 4 has abnormal heartbeat!,2,,
01846,,Device 5 has abnormal heartbeat!,2,,
01847,,Device 6 has abnormal heartbeat!,2,,
01848,,Device 7 has abnormal heartbeat!,2,,
01849,,The upper limit of the number of self-stacks is not set,2,,
01850,,The number of self-stacks exceeds the upper limit,2,,
01851,,Self-stacking material account inconsistent,2,,
01852,,"There are too many self-stacking pallets, please take them away!",2,,
01853,,"The pallet is ready for collection, please take it away!",2,,
01857,,"Printing line AMB handling gantry module AMB suction valve, please replace!",2,,
01858,,"Silver sintered AMB lock attached gantry module silver film suction valve, please replace!",2,,
01859,,"The number of times the screw gun bit has been used has exceeded the upper limit, please replace it!",2,,
01864,,"#warning-general ,1016-1079, 4 words",2,,
01916,,"#message-com, 2000-2015, 1 word",2,,
02036,,Printing gantry product upload MES status warning,2,,
02039,,"The production quantity is about to reach the work order quantity, please pay attention!",2,,
02041,,"The production quantity has reached the work order quantity, please process it in time!",2,,
02051,,Printing gantry product upload MES status warning,2,,
02064,,"#message-general ,2016-2079, 4 words",2,,
